TVA-CarletonSurMer-CHAU.ca = CA - TVA CARLETON
ICISaguenay-LacSaintJean.ca = CA - ICI Radio-Canada Télé Saguenay
ICISaskatchewan-CBKFT.ca = CA - ICI Radio-Canada Télé Saskatchewan
ICIOntario-CBLFT.ca = CA - ICI Radio-Canada Télé Toronto
TVA-RiviereDuLoup-CIMT.ca = CA - TVA RIVIERE DU LOUP
ICIEstrie-CKSH.ca = CA - ICI Radio-Canada Télé Estrie
NOOVO-QuebecCity-CFAP.ca = CA - V TÉLÉ
TVA-QuebecCity-CFCM.ca = CA - TVA QUÉBEC CITY
ICIQuebecCity-CBVT.ca = CA - ICI Radio-Canada Télé Quebec City
ICIGrandMontreal-CBFT.ca = CA - ICI Radio-Canada Télé Grand Montreal
NOOVO-Montreal-CFJP.ca = CA - CFJP
TVA-Montreal-CFTM.ca = CA - TVA MONTREAL
TVA-GatineauOttawa-CHOT.ca = CA - TVA HULL
ICIManitoba-CBWFT.ca = CA - ;;ICI Radio-Canada Télé Manitoba
ICIEdmonton-CBXFT.ca = CA - ICI Radio-Canada Télé Edmonton
ReseaudesSports-RDS.ca = CA - RDS
ReseaudesSportsInfo-RDSI.ca = CA - RDS INFO
ICIOttawa-Gatineau-CBOFT.ca = CA - Ici Radio-Canada Télé OTTAWA
LeCanalNouvellesTVA.ca = CA - LCN
CanalD.ca = CA - CANAL D
MeteoMedia.ca = CA - MÉTÉ0 MÉDIA
Z.ca = CA - z
SeriesPlus.ca = CA - SÉRIES PLUS
Historia.ca = CA - HISTORIA
CanalEvasion.ca = CA - ÉVASION
LeCanalVie.ca = CA - CANAL VIE
ADDIK.TV.ca = TV - ADDIKTV
TFO.ca = CA - TFO
TeleQuebecMontreal-CIVM.ca = CA - TÉLÉ QUÉBEC
TeletoonFrancais.ca = CA - TELETOON FR
VRAK-TV.ca = CA - VRAK TV
ELLEFICTIONS.ca = CA - ELLE FICTIONS
Max.ca = CA - MAX
ICIARTVCanada.ca = CA - ICI ARTV
YOOPA.ca = CA - YOOPA
TV5.ca = CA - TV5
CanaldeAssembleeNationale.ca = CA - ASSEMBLÉE NATIONALE
CPACFrench.ca = CA - CPAC FRENCH
UnisTV.ca = CA - UNIS TV
FrissonsTV.ca = CA - FRISSOSTV
SavoirMedia-CFTU.ca = CA - Canal Savoir
Prise2.ca = CA - PRISE 2
SuperEcran.ca = CA - SUPER ECRAN 1
SuperEcran2.ca = CA - SUPER ECRAN 2
SuperEcran3.ca = CA - SUPER ECRAN 3
SuperEcran4.ca = CA - SUPER ECRAN 4
CinePop.ca = CA - CINEPOP
LachaineDisney.ca = CA - DISNEY LA CHAINE
Telemagino.ca = CA - TELEMAGINO
Zeste.ca = CA - ZESTE
RDS2.ca = CA - RDS 2
TVASports.ca = CA - TVA SPORTS
Moicie.ca = CA - MOI ET CIE
CBCNewBrunswick-CBAT.ca = CA - CBC Fredericton, New Brunswick
CBCPrinceEdwardIsland-CBCT.ca = CA - CBC Charlottetown, Prince Edward Island
CJON-NTV.ca = CA - NTV
CBCStJohns-CBNT.ca = CA - CBC ST. JOHNS
CTVHalifax-CJCH.ca = CA - CTV HALIFAX
CTV2Atlantic-ASN.ca = CA - CTV 2 Atlantic
CBCHalifax-CBHT.ca = CA - CBC HALIFAX
GlobalMaritimes-CIHF.ca = CA - GLOBAL HALIFAX
CTVMontreal-CFCF.ca = CA - CTV MONTREAL
CBCMontreal-CBMT.ca = CA - CBC MONTREAL
CityTvMontreal-CJNT.ca = CA - CITY MONTREAL
CBCOttawa-CBOT.ca = CA - CBC OTTAWA
CTV2Ottawa-CHRO.ca = CA - CTV 2 OTTAWA
CBCToronto-CBLT.ca = CA - CBC TORONTO
GlobalToronto-CIII.ca = CA - GLOBAL TORONTO
CTVToronto-CFTO.ca = CA - CTV TORONTO
CityTv.ca = CA - CITY TORONTO
GlobalPeterborough-CHEX.ca = CA - Global Peterborough
CHCH.ca = CA - CHCH
CTV2Barrie-CKVR.ca = CA - CTV 2 TORONTO BARRIE
CTV2London-CFPL.ca = CA - CTV2 LONDON
CTVNorthernOntario-CICI.ca = CA - CTV SUDBURY
GlobalThunderBay-CHFD.ca = CA - Global Thunder Bay
CTVThunderBay-CKPR.ca = CA - CTV Thunder Bay
CTVWinnipeg-CKY.ca = CA - CTV WINNIPEG
CBCWinnipeg-CBWT.ca = CA - CBC WINNIPEG
GlobalWinnipeg.ca = CA - Global Winnipeg
CityTvWinnipeg-CHMI.ca = CA - CITY TV Winnipeg
CTVOttawa-CJOH.ca = CA - CTV OTTAWA
CBCEdmonton-CBXT.ca = CA - CBC EDMONTON
ICIMontreal-ICIQ.ca = CA - ICIQ
GlobalKingston-CKWS.ca = CA - GLOBAL KINGSTON
GlobalMontreal-CKMI.ca = CA - GLOBAL MONTREAL
CTVRegina-CKCK.ca = CA - CTV REGINA
GlobalSaskatoon-CFSK.ca = CA - Global News Saskatoon
CTVEdmonton-CFRN.ca = CA - CTV Edmonton
GlobalEdmonton-CITV.ca = CA - GLOBAL EDMONTON
CBCYellowknife-CFYK.ca = CA - CBC Yellowknife, Northwest Territories
GlobalCalgary-CICT.ca = CA - GLOBAL CALGARY
CBCCalgary-CBRT.ca = CA - CBC CALGARY
CityTvCalgary-CKAL.ca = CA - CITY TV CALGARY
CBCSaskatchewan-CBKT.ca = CA - CBC Regina, Saskatchewan
CTVSaskatchewan-CFQC.ca = CA - CTV SASKATOON
CTvVancouver-CIVT.ca = CA - CTV VANCOUVER
CBCVancouver-CBUT.ca = CA - CBC VANCOUVER
GlobalBC-CHAN.ca = CA - GLOBAL VANCOUVER
CityTvVancouver-CKVU.ca = CA - CITY VANCOUVER
CHEK.ca = CA - CHEK
CTV2VancouverVictoria-CIVI.ca = CA - CTV 2 VANCOUVER
VisionTV.ca = CA - VISION TV
TVOntario-CICA.ca = CA - TVO
CTV2Alberta-ACCNET.ca = CA - CTV TWO ALBERTA
KnowledgeNetwork.ca = CA - KNOWLEDGE NETWORK
APTN.ca = CA - APTN
GameTVCanada.ca = CA - GAME TV
ABCWCVB-East.ca = CA - ABC WCVB East
FOXkKCPQ-West.ca = CA - FOX KCPQ Seatle Tacoma WA
TCM.ca = CA - TCM CANADA
PeachtreeTV.ca = CA - Peachtree TV WPCH Atlanta GA
Crave1.ca = CA - CRAVE 1
Crave2.ca = CA - CRAVE 2
Crave3.ca = CA - CRAVE 3
Crave4.ca = CA - CRAVE 4
STARZ1.ca = CA - STARZ 1
STARZ2.ca = CA - STARZ 2
HBO1.ca = CA - HBO 1
HBO2.ca = CA - HBO 2
Crave1West.ca = CA - CRAVE 1 WEST
Crave2West.ca = CA - CRAVE 2 WEST
Crave3West.ca = CA - CRAVE 3 WEST
SuperChannelFuse.ca = CA - Super Channel Fuse
SuperChannelHeartandHome.ca = CA - SUPER CHANNEL HEART &amp; HOME
SuperChannelVault.ca = CA - Super Channel Vault
AdultSwim.ca = CA - ADULT SWIM
DocumentaryCanada.ca = CA - DOCUMENTARY CHANNEL
SilverScreenClassics.ca = CA - SILVER SCREEN CLASSICS
WILDTV.ca = CA - WILD TV
TSN1.ca = CA - TSN 1
TSN2.ca = CA - TSN 2
TSN3.ca = CA - TSN 3
TSN4.ca = CA - TSN 4
TSN5.ca = CA - TSN 5
SportsnetOntario.ca = CA - SPORTSNET ONTARIO
SportsnetEast.ca = CA - SPORTSNET EAST
SportsnetPacific.ca = CA - SPORTSNET PACIFIC
SportsnetWest.ca = CA - SPORTSNET WEST
SportsnetOne.ca = CA - SPORTSNET 1
Sportsnet360.ca = CA - SPORTSNET 360
OutdoorLifeNetwork.ca = CA - OLN
NBATV.ca = CA - NBA TV
GolfChannel.ca = CA - GOLF CHANNEL
SportsmanChannel.ca = CA - SPORTSMAN CANADA
SportsnetWorld.ca = CA - SPORTSNET WORLD
FoxSportsRacing.ca = CA - FOX SPORTS RACING
MLBNetwork.ca = CA - MLBNC
NFLNetwork.ca = CA - NFL Network
CNN.ca = CA - CNN
CTVNewsChannel.ca = CA - CTV NEWS
CBCNewsNetwork.ca = CA - CBC NEWS NETWORK
CP24.ca = CA - CP 24
WeatherNetwork.ca = CA - THE WEATHER NETWORK CANADA
FoxNewsChannel.ca = CA - FOX NEWS
CNBC.ca = CA - CNBC
BBCWorldNews.ca = CA - BBC WORLD NEWS
CNNInternational.ca = CA - CNN INTERNATIONAL
CPAC.ca = CA - CPAC
TLC.ca = CA - TLC
History.ca = CA - HISTORY
NationalGeographic.ca = CA - NAT GEO
OprahWinfreyNetwork.ca = CA - OWN
T+E.ca = CA - T+E
InvestigationDiscovery.ca = CA - Investigation Discovery
MakefulTV.ca = CA - MAKEFUL
CTVSydney-CJCB.ca = CA - CTV SYDNEY
CTVMoncton-CKCW.ca = CA - CTV MONCTON
CTVSaintJohns-CKLT.ca = CA - CKLT
TVATroisRivieres-CHEM.ca = CA - TVA TROIS RIVIERES
ICITeleMaurice-CKTM.ca = CA - ICI Radio-Canada Télé Mauricie
FamilyJr.ca = CA - FAMILY JR
YTV.ca = CA - YTV
YTVPacific.ca = CA - YTV WEST
Teletoon.ca = CA - TELETOON
TheFamilyChannel.ca = CA - THE FAMILY CHANNEL
TheFamilyChannelPacific.ca = CA - FAMILY CHANNEL WEST
Nickelodeon.ca = CA - NICKELODEON
WildBrainTV.ca = CA - WildBrain TV
DisneyChannel.ca = CA - DISNEY
CartoonNetwork.ca = CA - CARTOON NETWORK
DisneyJunior.ca = CA - DISNEY JR
ToonAVision.ca = CA - TOON-A-VISION
CMT.ca = CA - CMT
BET.ca = CA - BET
MTV2.ca = CA - MTV 2
MTV.ca = CA - MTV
GlobalDurham-CHEXTV2.ca = CA - GLOBAL DURHAM
CTVKitchener-CKCO.ca = CA - CTV KITCHENER
CTV2Windsor-CHWI.ca = CA - CTV2 WINDSOR
CBCWindsor-CBET.ca = CA - CBC Windsor, Ontario
CTVNorthBay-CKNY.ca = CA - CTV NORTH BAY
CTVTimmins-CITO.ca = CA - CTV TIMMINS
CTVSaultSteMarie-CHBX.ca = CA - CTV SAULT ST MARIE
HopeTVManitoba-CIIT.ca = CA - FAITH TV
CTVYorkton-CICC.ca = CA - CTV YORKTON
GlobalRegina-CFRE.ca = CA - Global Regina
CTVPrinceAlbert-CIPA.ca = CA - CTV PRINCE ALBERT
Today'sShoppingChoice.ca = CA - SHOPPING CHANNEL
HGTV.ca = CA - HGTV
Slice.ca = CA - SLICE
WNetwork.ca = CA - W NETWORK
FoodNetwork.ca = CA - FOOD NETWORK
ONE:GetFit.ca = CA - One Get Fit
MagnoliaNetwork.ca = CA - Magnolia Network
OUTtv.ca = CA - OUTTV
CookingChannel.ca = CA - COOKING CHANNEL
DTOUR.ca = CA - DTOUR
CTVLifeChannel.ca = CA - CTV LIFE
CTVDramaChannel.ca = CA - CTV DRAMA
CTVComedyChannel.ca = CA - CTV COMEDY
CTVComedyChannelWEST.ca = CA - CTV Comedy West
CTVSciFiChannel.ca = CA - CTV SCI-FI
ParamountNetwork.ca = CA - PARAMOUNT NETWORK
HISTORY2.ca = CA - H2
AmericanHeroesChannel.ca = CA - AHC
DejaView.ca = CA - DEJAVIEW
CrimePlusInvestigation.ca = CA - CRIME &amp; INVESTIGATION
GameShowNetwork.ca = CA - GAME SHOW NETWORK
CottageLife.ca = CA - COTTAGE LIFE
CTVCalgary-CFCN.ca = CA - CTV CALGARY
GlobalLethbridge-CISA.ca = CA - Global Lethbridge CISA
Daystar.ca = CA - DAYSTAR TV
YesTV.ca = CA - YES TV
GlobalOkanagan-CHBC.ca = CA - Global Okanagan
JoyTV.ca = CA - JOYTV 10 BRITISH COLUMBIA (CHUN)
Univision.ca = CA - UNICAN
TLN.ca = CA - TLN
ProSiebenSat1Welt.ca = CA - ProSiebenSat 1 Welt Canada
FairchildToronto.ca = CA - Fairchild TV
TalentvisionVancouver.ca = CA - TVS
FairchildTV2.ca = CA - Fairchild TV2
BBCFirst.ca = CA - BBC First
AandE.ca = CA - A&amp;E
NBCWBTS-East.ca = CA - NBC BOSTON
CBSWBZ-East.ca = CA - WBZDT
FOXWFXT-East.ca = CA - WFXTDT
CBSKIRO-West.ca = CA - CBS WEST
DiscoveryVelocity.ca = CA - DISCOVERY VELOCITY
AMI-tele.ca = CA - AMI-TELE
Omni1-CFMT.ca = CA - OMNI 1
Omni2-CJMT.ca = CA - OMNI 2
HollywoodSuite70s.ca = CA - Hollywood Suite 70s
HollywoodSuite80s.ca = CA - Hollywood Suite 80s
HollywoodSuite90s.ca = CA - Hollywood Suite 90s
HollywoodSuite2000s.ca = CA - Hollywood Suite 2000s
AMC.ca = CA - AMC
MovieTime.ca = CA - MovieTime
FX.ca = CA - FX HD
FXX.ca = CA - FXX
beINSports.ca = CA - BEIN CANADA
REVTV.ca = CA - REVHD
TheFightNetwork.ca = CA - Fight Network
Bloomberg.ca = CA - BNN Bloomberg
MSNBC.ca = CA - MSNBCHD
TheDiscoveryChannel.ca = CA - DISCOVERY CHANNEL
DiscoveryScience.ca = CA - DISCOVERY SCIENCE
NationalGeographicWild.ca = CA - NAT GEO WILD
AnimalPlanet.ca = CA - Animal Planet
LoveNature.ca = CA - LOVE NATURE
BBCEarth.ca = CA - BBC EARTH
SmithsonianChannel.ca = CA - SMTH
Treehouse.ca = CA - TREEHOUSE
ABCSpark.ca = CA - ABC SPARK
DisneyXD.ca = CA - DISNEY XD
MuchMusic.ca = CA - MUCHHD
Lifetime.ca = CA - Lifetime
Showcase.ca = CA - SHOWCASE
EEntertainmentTelevision.ca = CA - E! Entertainment Television
ICIAcadie-CBAFT.ca = CA - ICI Acadie
ICITeleVancouver-CBUFT.ca = CA - ICI Radio-Canada Télé Vancouver
ICIExplora.ca = CA - ICI EXPLORA
Investigation.ca = CA - Investigation
CASA.ca = CA - CASATV
ICI-RDI.ca = CA - ICI RDI
TVASports2.ca = CA - TVA SPORTS 2
AmiTV.ca = CA - AMI-TV
France24.ca = CA - France 24
TELEMAG.ca = CA - TELE-MAG QUEBEC
StudioCanal.ca = CA - STUDIOCANAL
ABCWKBW.ca = CA - ABC BUFFALO
CBSWIVB-EAST.ca = CA - WIVB
PBSWNED.ca = CA - WNED
OmniBC.ca = CA - OMNI BC
GINX.ca = CA - Ginx TV
ESPNCLASSIC.ca = CA - ESPN Classic
GAMEPLUS.ca = CA - Game +
WILLOW.ca = CA - Willow
NFLNetwork.ca = CA - NFL Network
HLN.ca = CA - HLN
OntarioLegislativeAssembly.ca = CA - Ontario Legislative Assembly
AlJazeera.ca = CA - Al Jazeera
ASIDE.ca = CA - A-SIDE
Bharati.ca = CA - Bharati
ATNDDIndia.ca = CA - ATN DD India
ATNDDNews.ca = CA - ATN DD News
SALTLIGHT.ca = CA - SALT LIGHT
CGTNDOCUMENTARY.ca = CA - CGTN DOCUMENTARY
CGTNFRENCH.ca = CA - CGTN FRENCH
CGTN.ca = CA - CGTN
ATNSikh.ca = CA - ATN Sikh
ZEETamil.ca = CA - ZEE Tamil
KTV.ca = CA - KTV
PrimeAsia.ca = CA - Prime Asia
BritAsia.ca = CA - Brit Asia
ATNFoodFood.ca = CA - ATN Food Food
MTVIndia.ca = CA - ATNMTVI
B4UPlus.ca = CA - B4U Plus
ZEEBollywood.ca = CA - ZEE Bollywood
NTDCANADA.ca = CA - New Tang Dynasty Canada
JLTV.ca = CA - JLTV
ARYMusik.ca = CA - ARY Musik
ARYNews.ca = CA - ARY News
ARYZauq.ca = CA - ARY Zauq
TimesNow.ca = CA - Times Now
IndiaToday.ca = CA - India Today
ATNColors.ca = CA - ATN Colors
Zoom.ca = CA - Zoom
SABTV.ca = CA - SAB TV
AASTHA.ca = CA - AASTHA
ATNSports.ca = CA - ATN Sports
CommonwealthBroadcastingNetwork.ca = CA - CBN
ATNCricketPlus.ca = CA - ATN CRICKET PLUS
NDTV247.ca = CA - NDTV 247
TVAsia.ca = CA - TV Asia
SETMax.ca = CA - SET Max
ATNLife.ca = CA - ATN Life
TamilPlus.ca = CA - Tamil Plus
B4UMovies.ca = CA - B4U Movies
ATNMovies.ca = CA - ATN Movies
ATN.ca = CA - ATN
ATNBangla.ca = CA - ATN Bangla
NTVBangla.ca = CA - NTV Bangla
SonyAath.ca = CA - Sony Aath
ATNPunjabi.ca = CA - PUNJA
PunjabiPlus.ca = CA - Punjabi Plus
ATNPMOne.ca = CA - ATN PM One
Punjabi5.ca = CA - Punjabi 5
SSTV.ca = CA - SSTV
JayaTV.ca = CA - Jaya TV
PTC.ca = CA - PTC
GeoTV.ca = CA - Geo TV
ARYQTV.ca = CA - ARY QTV
Zing.ca = CA - Zing
ZEETV.ca = CA - ZEE TV
ColorsBangla.ca = CA - Colors Bangla
ATNGujarati.ca = CA - ATN Gujarati
TET.ca = CA - TET
SunTV.ca = CA - Sun TV
FILIPINOTv.ca = CA - FILIPINO TV
TELENINOS.ca = CA - TELENINOS
FPTV.ca = CA - FPTV
MezzoLive.ca = CA - Mezzo Live
TSNExtra1.ca = CA - TSN Extra 1
TSNExtra2.ca = CA - TSN Extra 2
TSNExtra3.ca = CA - TSN Extra 3
TSNExtra4.ca = CA - TSN Extra 4
TSNExtra5.ca = CA - TSN Extra 5
TSNExtra6.ca = CA - TSN Extra 6
TSNExtra7.ca = CA - TSN Extra 7
TSNExtra8.ca = CA - TSN Extra 8
WWE.ca = CA - WWE Network
BNNBloomberg.ca = CA - BNN Bloomberg
News18.ca = CA - News 18
ColorsRishtey.ca = CA - Color Rishtey
ColorsMarathi.ca = CA - Colors Marathi
AFROGLOBALtv.ca = CA - AFROGLOBAL TV
EuroNews.ca = CA - EuroNews
sportspkg431.ca = CA - HDS10
sportspkg432.ca = CA - HDS1
sportspkg433.ca = CA - HDS2
sportspkg434.ca = CA - HDS3
sportspkg435.ca = CA - HDS4
sportspkg436.ca = CA - HDS5
sportspkg437.ca = CA - HDS6
sportspkg438.ca = CA - HDS7
sportspkg439.ca = CA - HDS8
sportspkg440.ca = CA - HDS9
sportspkg441.ca = CA - 441 SUPER SPORTS
sportspkg442.ca = CA - 442 SUPER SPORTS
sportspkg443.ca = CA - 443 SUPER SPORTS
sportspkg444.ca = CA - 444 SUPER SPORTS
sportspkg445.ca = CA - SPO15
sportspkg446.ca = CA - SPO16
sportspkg447.ca = CA - SPO17
sportspkg448.ca = CA - SPO18
sportspkg450.ca = CA - HDS22
sportspkg451.ca = CA - 451 SUPER SPORTS
sportspkg452.ca = CA - 453 SUPER SPORTS
sportspkg453.ca = CA - HDS21
sportspkg454.ca = CA - HDS11
sportspkg455.ca = CA - HDS12
sportspkg456.ca = CA - HDS13
sportspkg457.ca = CA - HDS14
sportspkg458.ca = CA - HDS15
sportspkg459.ca = CA - HDS16
sportspkg460.ca = CA - HDS17
sportspkg461.ca = CA - HDS18
sportspkg462.ca = CA - HDS19
sportspkg463.ca = CA - 463 SUPER SPORTS
sportspkg464.ca = CA - 464 SUPER SPORTS
sportspkg465.ca = CA - 465 SUPER SPORTS
sportspkg466.ca = CA - SPO36
sportspkg467.ca = CA - SPO37
sportspkg468.ca = CA - SPO38
sportspkg469.ca = CA - SPO39
sportspkg470.ca = CA - SPO40
sportspkg471.ca = CA - SPO41
rewind.ca = CA - Rewind
DisneyChannelPacific.ca = CA - Disney Channel West
TeleToonPacific.ca = CA - TeleToon West
CartoonNetworkPacific.ca = CA - Cartoon Network West
GlobalNewsBC1.ca = CA - Global News BC
ICIMontreal.ca = CA - ICI Montreal
FoxBusinessNews.ca = CA - Fox Business
SportsNetWorld1.ca = CA - SportsNet World Plus 1
SportsNetWorld2.ca = CA - SportsNet World Plus 2
SportsNetWorld3.ca = CA - SportsNet World Plus 3
SportsNetWorld4.ca = CA - SportsNet World Plus 4
TLNPacific.ca = CA - TLN West
BabyTV.ca = CA - Baby TV
EuroSportWorld.ca = CA - EuroSport World
RogersTV-Ottawa.ca = CA - RogersTV Ottawa
bell-us-college-sports1.ca = CA - NCAA College Sports Package 1
bell-us-college-sports2.ca = CA - NCAA College Sports Package 2
bell-us-college-sports3.ca = CA - NCAA College Sports Package 3
bell-us-college-sports4.ca = CA - NCAA College Sports Package 4
CTVLETHBRIDGE.ca = CA - CTV LETHBRIDGE
RogersTVFredericton.ca = CA - Rogers TV Fredericton
RogersTVCornerBrook.ca = CA - Rogers TV Corner Brook
RogersTVStJohns.ca = CA - Rogers TV St. John's
RogersTVBathurst.ca = CA - Rogers TV Bathurst
RogersTVOwenSound.ca = CA - Rogers TV Owen Sound
Cable14.ca = CA - Cable 14
OmniVancouver.ca = CA - Omni Vancouver
EWTN.ca = CA - EWTN
WeatherNetworkToronto.ca = CA - Weather Network Toronto
B4UMusic.ca = CA - B4U Music
TravelXP.ca = CA - TravelXP
rogerssupersports431.ca = CA - Rogers Super Sports 431
rogerssupersports432.ca = CA - Rogers Super Sports 432
rogerssupersports433.ca = CA - Rogers Super Sports 433
rogerssupersports434.ca = CA - Rogers Super Sports 434
rogerssupersports435.ca = CA - Rogers Super Sports 435
rogerssupersports436.ca = CA - Rogers Super Sports 436
rogerssupersports437.ca = CA - Rogers Super Sports 437
rogerssupersports438.ca = CA - Rogers Super Sports 438
rogerssupersports439.ca = CA - Rogers Super Sports 439
rogerssupersports440.ca = CA - Rogers Super Sports 440
rogerssupersports441.ca = CA - Rogers Super Sports 441
rogerssupersports442.ca = CA - Rogers Super Sports 442
rogerssupersports443.ca = CA - Rogers Super Sports 443
rogerssupersports444.ca = CA - Rogers Super Sports 444
rogerssupersports445.ca = CA - Rogers Super Sports 445
rogerssupersports446.ca = CA - Rogers Super Sports 446
rogerssupersports447.ca = CA - Rogers Super Sports 447
rogerssupersports448.ca = CA - Rogers Super Sports 448
rogerssupersports449.ca = CA - Rogers Super Sports 449
rogerssupersports450.ca = CA - Rogers Super Sports 450
rogerssupersports451.ca = CA - Rogers Super Sports 451
rogerssupersports452.ca = CA - Rogers Super Sports 452
rogerssupersports453.ca = CA - Rogers Super Sports 453
rogerssupersports454.ca = CA - Rogers Super Sports 454
rogerssupersports455.ca = CA - Rogers Super Sports 455
rogerssupersports456.ca = CA - Rogers Super Sports 456
rogerssupersports457.ca = CA - Rogers Super Sports 457
rogerssupersports458.ca = CA - Rogers Super Sports 458
rogerssupersports459.ca = CA - Rogers Super Sports 459
rogerssupersports460.ca = CA - Rogers Super Sports 460
rogerssupersports461.ca = CA - Rogers Super Sports 461
rogerssupersports462.ca = CA - Rogers Super Sports 462
rogerssupersports463.ca = CA - Rogers Super Sports 463
rogerssupersports464.ca = CA - Rogers Super Sports 464
rogerssupersports465.ca = CA - Rogers Super Sports 465
rogerssupersports466.ca = CA - Rogers Super Sports 466
rogerssupersports467.ca = CA - Rogers Super Sports 467
rogerssupersports468.ca = CA - Rogers Super Sports 468
rogerssupersports469.ca = CA - Rogers Super Sports 469
rogerssupersports470.ca = CA - Rogers Super Sports 470
rogerssupersports471.ca = CA - Rogers Super Sports 471
HPItvInternational.ca = CA - HPItv International
HPItvWest.ca = CA - HPItv West
HPItvCanada.ca = CA - HPItv Canada
RogersTVBarrie.ca = CA - Rogers TV Barrie
CityTvEdmonton.ca = CA - CityTV Edmonton
OneSoccer.ca = CA - OneSoccer
miraclechannel.ca = CA - Miracle Channel
MAtv.ca = CA - MAtv
SportsNetNews.ca = CA - SportsNet News
HorsePlayerInteractiveTV.ca = CA - HorsePlayer Interactive TV
StingrayRock.ca = CA - Stingray Rock
StingrayAlternative.ca = CA - Stingray Alternative
StingrayAdultAlternative.ca = CA - Stingray Adult Alternative
StingrayClassicRock.ca = CA - Stingray Classic Rock
StingrayJukeboxOldies.ca = CA - Stingray Jukebox Oldies
StingrayHitList.ca = CA - Stingray Hit List
StingrayPopAdult.ca = CA - Stingray Pop Adult
StingrayPopularClassical.ca = CA - Stingray Popular Classical
StingrayEasyListening.ca = CA - Stingray Easy Listening
StingrayFlashback70s.ca = CA - Stingray Flashback 70s
StingrayRememberthe80s.ca = CA - Stingray Remember the 80s
StingrayNothinbut90s.ca = CA - Stingray Nothin but 90s
StingrayHotCountry.ca = CA - Stingray Hot Country
StingrayCountryClassics.ca = CA - Stingray Country Classics
StingrayJammin.ca = CA - Stingray Jammin
StingrayHip-Hop_RandB.ca = CA - Stingray Hip-Hop/RandB
StingraySoulandRandB.ca = CA - Stingray Soul and RandB
StingrayDanceClubbin.ca = CA - Stingray Dance Clubbin
TikTokRadioonStingray.ca = CA - TikTok Radio on Stingray
StingrayJazzMasters.ca = CA - Stingray Jazz Masters
StingrayJazzNow.ca = CA - Stingray Jazz Now
StingraySmoothJazz.ca = CA - Stingray Smooth Jazz
StingrayTheBlues.ca = CA - Stingray The Blues
StingrayBigBand.ca = CA - Stingray Big Band
StingraySwingingStandards.ca = CA - Stingray Swinging Standards
StingrayFolkRoots.ca = CA - Stingray Folk Roots
StingrayExitosTropicales.ca = CA - Stingray Exitos Tropicales
StingrayAroundtheWorld.ca = CA - Stingray Around the World
StingrayNature.ca = CA - Stingray Nature
StingrayTheSpa.ca = CA - Stingray The Spa
StingrayTheChillLounge.ca = CA - Stingray The Chill Lounge
StingrayBaroque.ca = CA - Stingray Baroque
StingrayClassicMasters.ca = CA - Stingray Classic Masters
StingrayChamberMusic.ca = CA - Stingray Chamber Music
StingrayOperaPlus.ca = CA - Stingray Opera Plus
StingrayKidsStuff.ca = CA - Stingray Kids Stuff
StingrayLePalmarès.ca = CA - Stingray Le Palmarès
StingrayChristianPopandRock.ca = CA - Stingray Christian Pop and Rock
StingrayFrancoPop.ca = CA - Stingray Franco Pop
StingrayFrancoCountry.ca = CA - Stingray Franco Country
StingrayEnMarge.ca = CA - Stingray En Marge
StingraySouvenirs.ca = CA - Stingray Souvenirs
StingrayNostalgie.ca = CA - Stingray Nostalgie
StingrayFrancoRetro.ca = CA - Stingray Franco Retro
StingrayMoussesMusique.ca = CA - Stingray Mousses Musique
StingrayMarenMorris.ca = CA - Stingray Maren Morris
StingrayMarie-ElaineThibert.ca = CA - Stingray Marie-Elaine Thibert
BarrieColts.ohl.ca = OHL - Barrie Colts
ErieOtters.ohl.ca = OHL - Erie Otters
FlintFirebirds.ohl.ca = OHL - Flint Firebirds
GuelphStorm.ohl.ca = OHL - Guelph Storm
HamiltonBulldogs.ohl.ca = OHL - Hamilton Bulldogs
KingstonFrontenacs.ohl.ca = OHL - Kingston Frontenacs
KitchenerRangers.ohl.ca = OHL - Kitchener Rangers
LondonKnights.ohl.ca = OHL - London Knights
MississaugaSteelheads.ohl.ca = OHL - Mississauga Steelheads
NiagaraIceDogs.ohl.ca = OHL - Niagara IceDogs
NorthBayBattalion.ohl.ca = OHL - North Bay Battalion
OshawaGenerals.ohl.ca = OHL - Oshawa Generals
Ottawa67's.ohl.ca = OHL - Ottawa 67's
OwenSoundAttack.ohl.ca = OHL - Owen Sound Attack
PeterboroughPetes.ohl.ca = OHL - Peterborough Petes
SaginawSpirit.ohl.ca = OHL - Saginaw Spirit
SarniaSting.ohl.ca = OHL - Sarnia Sting
SaultSte.MarieGreyhounds.ohl.ca = MARIEGREYHOUNDS - Sault Ste. Marie Greyhounds
SudburyWolves.ohl.ca = OHL - Sudbury Wolves
WindsorSpitfires.ohl.ca = OHL - Windsor Spitfires
BrandonWheatKings.whl.ca = WHL - Brandon Wheat Kings
CalgaryHitmen.whl.ca = WHL - Calgary Hitmen
EdmontonOilKings.whl.ca = WHL - Edmonton Oil Kings
EverettSilvertips.whl.ca = WHL - Everett Silvertips
KamloopsBlazers.whl.ca = WHL - Kamloops Blazers
KelownaRockets.whl.ca = WHL - Kelowna Rockets
LethbridgeHurricanes.whl.ca = WHL - Lethbridge Hurricanes
MedicineHatTigers.whl.ca = WHL - Medicine Hat Tigers
MooseJawWarriors.whl.ca = WHL - Moose Jaw Warriors
PrinceAlbertRaiders.whl.ca = WHL - Prince Albert Raiders
PortlandWinterhawks.whl.ca = WHL - Portland Winterhawks
PrinceGeorgeCougars.whl.ca = WHL - Prince George Cougars
RedDeerRebels.whl.ca = WHL - Red Deer Rebels
ReginaPats.whl.ca = WHL - Regina Pats
SaskatoonBlades.whl.ca = WHL - Saskatoon Blades
SeattleThunderbirds.whl.ca = WHL - Seattle Thunderbirds
SpokaneChiefs.whl.ca = WHL - Spokane Chiefs
SwiftCurrentBroncos.whl.ca = WHL - Swift Current Broncos
Tri-CityAmericans.whl.ca = WHL - Tri-City Americans
VancouverGiants.whl.ca = WHL - Vancouver Giants
VictoriaRoyals.whl.ca = WHL - Victoria Royals
WinnipegIce.whl.ca = WHL - Winnipeg Ice
DAZN1.ca = CA - DAZN 1
DAZN2.ca = CA - DAZN 2
DAZN3.ca = CA - DAZN 3
DAZN4.ca = CA - DAZN 4
DAZN5.ca = CA - DAZN 5
DAZN6.ca = CA - DAZN 6
DAZN7.ca = CA - DAZN 7
DAZN8.ca = CA - DAZN 8
DAZN9.ca = CA - DAZN 9
DAZN10.ca = CA - DAZN 10
DAZN11.ca = CA - DAZN 11
DAZN12.ca = CA - DAZN 12
DAZN13.ca = CA - DAZN 13
DAZN14.ca = CA - DAZN 14
DAZN15.ca = CA - DAZN 15
Baie-ComeauDrakkar.qmjhl = QMJHL - QMJHL Baie-Comeau Drakkar
Blainville-BoisbriandArmada.qmjhl = QMJHL - QMJHL Blainville-Boisbriand Armada
CapeBretonEagles.qmjhl = QMJHL - QMJHL Cape Breton Eagles
CharlottetownIslanders.qmjhl = QMJHL - QMJHL Charlottetown Islanders
ChicoutimiSagueneens.qmjhl = QMJHL - QMJHL Chicoutimi Sagueneens
DrummondvilleVoltigeurs.qmjhl = QMJHL - QMJHL Drummondville Voltigeurs
GatineauOlympiques.qmjhl = QMJHL - QMJHL Gatineau Olympiques
HalifaxMooseheads.qmjhl = QMJHL - QMJHL Halifax Mooseheads
MonctonWildcats.qmjhl = QMJHL - QMJHL Moncton Wildcats
QuébecRemparts.qmjhl = QMJHL - QMJHL Québec Remparts
RimouskiOceanic.qmjhl = QMJHL - QMJHL Rimouski Oceanic
Rouyn-NorandaHuskies.qmjhl = QMJHL - QMJHL Rouyn-Noranda Huskies
SaintJohnSeaDogs.qmjhl = QMJHL - QMJHL Saint John Sea Dogs
ShawiniganCataractes.qmjhl = QMJHL - QMJHL Shawinigan Cataractes
SherbrookePhoenix.qmjhl = QMJHL - QMJHL Sherbrooke Phoenix
Titand'Acadie-Bathurst.qmjhl = QMJHL - QMJHL Titan d'Acadie-Bathurst
Val-d'Or_Foreurs.qmjhl = QMJHL - QMJHL Val-d'Or_Foreurs
VictoriavilleTigres.qmjhl = QMJHL - QMJHL Victoriaville Tigres
