ERT1.gr = GR - ERT 1
ERT2.gr = GR - ERT 2
ERT3.gr = GR - ERT 3
ANT1.gr = GR - ANT 1
ALPHA.gr = GR - ALPHA
STAR.gr = GR - STAR
SKAI.gr = GR - ΣΚΑΪ
MakedoniaTV.gr = GR - Μακεδονία TV
MEGA.gr = GR - MEGA
ONEChannel.gr = GR - ONE Channel
OPENBEYOND.gr = GR - OPEN BEYOND
FOX.gr = GR - FOX
FOXLife.gr = GR - FOX Life
E!.gr = GR - E!
FineLiving.gr = GR - Fine Living
FashionTV.gr = GR - Fashion TV
COSMOTESERIES.gr = GR - COSMOTE SERIES
COSMOTEHISTORY.gr = GR - COSMOTE History
ERTWORLD.gr = GR - ERT WORLD
Novalife.gr = GR - Novalife
Novastars.gr = GR - Novastars
TLC.gr = GR - TLC
BBCEarth.gr = GR - BBC Earth
ViasatNature.gr = GR - Viasat Nature
ViasatExplore.gr = GR - Viasat Explore
CrimeandInvestigation.gr = GR - Crime and Investigation
CBSReality.gr = GR - CBS Reality
OutdoorChannel.gr = GR - Outdoor Channel
NauticalChannel.gr = GR - Nautical Channel
BodyinBalance.gr = GR - Body in Balance
HISTORY.gr = GR - HISTORY
IDX.gr = GR - IDX
DISCOVERYSCIENCE.gr = GR - DISCOVERY SCIENCE
DiscoveryChannel.gr = GR - Discovery
TravelChannel.gr = GR - Travel Channel
AnimalPlanet.gr = GR - Animal Planet
FoodNetwork.gr = GR - Food Network
InsightTV.gr = GR - Insight TV
RTDoc.gr = GR - RT Doc HD
NationalGeographic.gr = GR - National Geographic
NatGeoWild.gr = GR - Nat Geo Wild
ViasatHistory.gr = GR - Viasat History
COSMOTESPORTHIGHLIGHTS.gr = GR - COSMOTE SPORT HIGHLIGHTS
COSMOTESPORT1.gr = GR - COSMOTE SPORT 1
COSMOTESPORT2.gr = GR - COSMOTE SPORT 2
COSMOTESPORT3.gr = GR - COSMOTE SPORT 3
COSMOTESPORT4.gr = GR - COSMOTE SPORT 4
COSMOTESPORT5.gr = GR - COSMOTE SPORT 5
COSMOTESPORT6.gr = GR - COSMOTE SPORT 6
COSMOTESPORT7.gr = GR - COSMOTE SPORT 7
COSMOTESPORT8.gr = GR - COSMOTE SPORT 8
COSMOTESPORT9.gr = GR - COSMOTE SPORT 9
EDGEsport.gr = GR - EDGEsport
GINXeSports.gr = GR - GINX eSports
Motorvision.gr = GR - Motorvision
ERTSPORTS.gr = GR - ΕΡΤ SPORTS
Novasports1.gr = GR - Novasports 1
Novasports2.gr = GR - Novasports 2
Novasports3.gr = GR - Novasports 3
Novasports4.gr = GR - Novasports 4
Novasports5.gr = GR - Novasports 5
Novasports6.gr = GR - Novasports 6
Eurosport1.gr = GR - Eurosport 1
Eurosport2.gr = GR - Eurosport 2
NovasportsPrime.gr = GR - Novasports Prime
NovasportsStart.gr = GR - NovasportsStart
NovasportsNews.gr = GR - NovasportsNews
Novasports1.cy.cyta = CY - Novasports 1 CYTA
Novasports2.cy.cyta = CY - Novasports 2 CYTA
Novasports3.cy.cyta = CY - Novasports 3 CYTA
Novasports4.cy.cyta = CY - Novasports 4 CYTA
Novasports5.cy.cyta = CY - Novasports 5 CYTA
CytavisionSports1.cy = CY - Cytavision Sports 1
CytavisionSports2.cy = CY - Cytavision Sports 2
CytavisionSports3.cy = CY - Cytavision Sports 3
CytavisionSports4.cy = CY - Cytavision Sports 4
CytavisionSports5.cy = CY - Cytavision Sports 5
CytavisionSports6.cy = CY - Cytavision Sports 6
CytavisionSports7.cy = CY - Cytavision Sports 7
CablenetSports1.cy = CY - Cablenet Sports 1
CablenetSports2.cy = CY - Cablenet Sports 2
PrimeTel1.cy = CY - PrimeTel 1
PrimeTel2.cy = CY - PrimeTel 2
PrimeTel3.cy = CY - PrimeTel 3
Boomerang.gr = GR - Boomerang
duckTV.gr = GR - duck TV
DisneyChannel.gr = GR - Disney Channel
DisneyJunior.gr = GR - Disney Junior
Nickelodeon.gr = GR - Nickelodeon
BabyTV.gr = GR - Baby TV
SmileTV.gr = GR - Smile TV
COSMOTECINEMA1.gr = GR - COSMOTE CINEMA 1
COSMOTECINEMA2.gr = GR - COSMOTE CINEMA 2
COSMOTECINEMA3.gr = GR - COSMOTE CINEMA 3
COSMOTESERIESMARATHON.gr = GR - COSMOTE SERIES MARATHON
VillageCinema.gr = GR - Village Cinema
TCM.gr = GR - TCM
Novacinema1.gr = GR - Novacinema1
Novacinema2.gr = GR - Novacinema2
Novacinema3.gr = GR - Novacinema3
Novacinema4.gr = GR - Novacinema4
RIK1.cy = CY - RIK 1
RIK2.cy = CY - RIK 2
OMEGA.cy = CY - OMEGA
ANT1.cy = CY - ANT1 CYPRUS
SigmaTV.cy = CY - Sigma TV
ALPHACYPRUS.cy = CY - ALPHA CYPRUS
PlusTV.cy = CY - Plus TV
CapitalTV.cy = CY - Capital TV
Extra.cy = CY - Extra
MADViral.gr = GR - MAD Viral
MEZZOLIVE.gr = GR - MEZZO LIVE
StingrayCMusic.gr = GR - Stingray CMusic
StingrayiConcerts.gr = GR - Stingray iConcerts
NovaMADGREEKZ.gr = GR - Nova MAD GREEKZ
NR1.gr = GR - NR1 HD
MTV00s.gr = GR - MTV 00s
MAD.gr = GR - MAD TV
MTVEurope.gr = GR - MTV Europe
MTVHits.gr = GR - MTV Hits
MTVLive.gr = GR - MTV Live HD
BBCWorldNews.gr = GR - BBC World News
DW.gr = GR - DW
CNBC.gr = GR - CNBC
EuronewsGreek.gr = GR - Euronews Greek
CNN.gr = GR - CNN
DeutscheWelleEnglish.gr = GR - Deutsche Welle English HD
Bloomberg.gr = GR - Bloomberg
France24English.gr = GR - France 24 English
CGTN.gr = GR - CGTN
EuronewsEnglish.gr = GR - Euronews English
RT.gr = GR - RT HD
NHKWorld-Japan.gr = GR - NHK World-Japan
AlJazeeraEnglish.gr = GR - Al Jazeera English
i24NewsEnglish.gr = GR - i24 News English
ArirangWorld.gr = GR - Arirang World
France24Fr.gr = GR - France 24 Français
i24NewsFrançais.gr = GR - i24 News Français
EuronewsHungarian.gr = GR - Euronews Hungarian
AlJazeera.gr = GR - Al Jazeera
ΑιγαίοTV.gr = GR - Αιγαίο TV
αEpsilon.gr = GR - α.Epsilon
AtlasTV.gr = GR - Atlas TV
ΒεργίναTV.gr = GR - Βεργίνα TV
ENAChannel.gr = GR - ENA Channel
4Ε.gr = GR - 4Ε
ΚρήτηΝέαΤηλεόραση.gr = GR - Κρήτη Νέα Τηλεόραση
ΚΡΗΤΗTV.gr = GR - ΚΡΗΤΗ TV
StarΚεντρικήςΕλλάδας.gr = GR - Star Κεντρικής Ελλάδας
Action24.gr = GR - Action 24
KontraChannel.gr = GR - Kontra Channel
BOYΛΗ.gr = GR - BOYΛΗ
4E = 4E
SirinaTV.gr = GR - Sirina TV
PenthouseGold.gr = GR - Penthouse Gold
PrivateTV.gr = GR - Private TV
BlueHustler.gr = GR - Blue Hustler
DorcelTV.gr = GR - Dorcel TV HD
Hustler.gr = GR - Hustler HD
VividRed.gr = GR - Vivid Red HD
