OSNMoviesFirst.lb = LB - OSN Movies First
OSNMoviesFirst+2.lb = LB - OSN Movies First +2
OSNAction.lb = LB - OSN Action
OSNMovies.lb = LB - OSN Movies
OSNPopUpFriends.lb = LB - OSN Pop Up Friends
OSNEnigma.lb = LB - OSN Enigma
OSNKids.lb = LB - OSN Kids
OSNFamily.lb = LB - OSN Family
StarMovies.lb = LB - Star Movies
B4UPlus.lb = LB - B4U Plus
ImagineMovies.lb = LB - Imagine Movies
OSNYaHalaAlOula.lb = LB - OSN Ya Hala Al Oula
OSNYaHala.lb = LB - OSN Ya Hala
OSNYaHalaCinema.lb = LB - OSN Ya Hala Cinema
AlfaSeriesChannel.lb = LB - Alfa Series Channel
AlfaSeries+2.lb = LB - Alfa Series +2
AlYawm.lb = LB - Al Yawm
AlSafwa.lb = LB - Al Safwa
Fann.lb = LB - Fann
Cinema1.lb = LB - Cinema 1
Cinema2.lb = LB - Cinema 2
MusicNow.lb = LB - Music Now
Hekayat.lb = LB - Hekayat
Hekayat2.lb = LB - Hekayat 2
ARTAflam1.lb = LB - ART Aflam 1
ARTAflam2.lb = LB - ART Aflam 2
ARTCinema.lb = LB - ART Cinema
Ellaycom.lb = LB - Ellay.com
AlAanTV.lb = LB - Al Aan TV
BeityTV.lb = LB - Beity TV
KTV1.lb = LB - KTV1
KTV2.lb = LB - KTV2
KTVEthraa.lb = LB - KTV Ethraa
KTVArabe.lb = LB - KTV Arabe
KTVMajlis.lb = LB - KTV Majlis
AlQurain.lb = LB - Al Qurain
MarinaTV.lb = LB - Marina TV
SharjahTV.lb = LB - Sharjah TV
SharqiyafromKalba.lb = LB - Sharqiya from Kalba
AlWostafromAlDhaid.lb = LB - Al Wosta from Al Dhaid
AlDafrahTV.lb = LB - Al Dafrah TV
BahrainTV.lb = LB - Bahrain TV
AghaniAghani.lb = LB - Aghani Aghani
AlRoyaTV.lb = LB - Al Roya TV
OSNSeriesFirst.lb = LB - OSN Series First
OSNSeries.lb = LB - OSN Series
OSNComedy.lb = LB - OSN Comedy
StarWorld.lb = LB - Star World
TLC.lb = LB - TLC
E!Entertainment.lb = LB - E! Entertainment
OSNMezze.lb = LB - OSN Mezze
OSNLiving.lb = LB - OSN Living
OSNWoman.lb = LB - OSN Woman
B4UAflam.lb = LB - B4U Aflam
MTVLive.lb = LB - MTV Live
MTV00s.lb = LB - MTV 00s
Disney.lb = LB - Disney
DisneyJunior.lb = LB - Disney Junior
Nickelodeon.lb = LB - Nickelodeon
NickJr.lb = LB - Nick Jr
OSNKidZoneTV.lb = LB - OSN Kid Zone TV
NickToons.lb = LB - NickToons
MoonbugKids.lb = LB - Moonbug Kids
BabyTVEurope.lb = LB - BabyTV Europe
OSNNews.lb = LB - OSN News
SkyNews.lb = LB - Sky News
BBCWorld.lb = LB - BBC World
CNBC.lb = LB - CNBC
Bloomberg.lb = LB - Bloomberg
CGTN.lb = LB - CGTN
France24English.lb = LB - France 24 English
NHKWorldTV.lb = LB - NHK World TV
MadaniTV.lb = LB - Madani TV
SkyNewsArabia.lb = LB - Sky News Arabia
AlMamlakaTV.lb = LB - AlMamlaka TV
RusiyaAlYawm.lb = LB - Rusiya Al Yawm
ALHurra.lb = LB - AL Hurra
ALHurraIraq.lb = LB - AL Hurra Iraq
BBCArabic.lb = LB - BBC Arabic
France24.lb = LB - France 24
CGTNArabic.lb = LB - CGTN Arabic
CNBCArabia.lb = LB - CNBC Arabia
Discovery.lb = LB - Discovery
DiscoveryScience.lb = LB - Discovery Science
DiscoveryID.lb = LB - Discovery ID
Crime\&amp;InvestigationNetwork.lb = LB - Crime \&amp; Investigation Network
History.lb = LB - History
H2.lb = LB - H2
NatGeo.lb = LB - Nat Geo
NatGeoWild.lb = LB - Nat Geo Wild
DubaiRacing1.lb = LB - Dubai Racing 1
DubaiRacing3.lb = LB - Dubai Racing 3
SharjahSport.lb = LB - Sharjah Sport
KTVSport.lb = LB - KTV Sport
KTVSportPlus.lb = LB - KTV Sport Plus
TFC.lb = LB - TFC
CinemaOneGlobal.lb = LB - Cinema One Global
ANC.lb = LB - ANC
DZMMTeleradyo.lb = LB - DZMM Teleradyo
DWRR1019.lb = LB - DWRR 101.9
Myx.lb = LB - Myx
PBARush.lb = LB - PBA Rush
KapatidTV5.lb = LB - Kapatid TV5
CineMo.lb = LB - Cine Mo
GMAPinoyTV.lb = LB - GMA Pinoy TV
GMALifeTV.lb = LB - GMA Life TV
GMANewsTV.lb = LB - GMA News TV
